dataset,n_items,capacity,optimum,experiment,series,runs,best,mean_best,std_best,best_to_optimum_pct,mean_to_optimum_pct,runs_reaching_optimum
f3_l-d_kp_4_20,4,20.0,35.0,mutation_rate,p_m = 0.001,10,35.0,35.0,0.0,100.0,100.0,10
f3_l-d_kp_4_20,4,20.0,35.0,mutation_rate,p_m = 0.005,10,35.0,35.0,0.0,100.0,100.0,10
f3_l-d_kp_4_20,4,20.0,35.0,mutation_rate,p_m = 0.01,10,35.0,35.0,0.0,100.0,100.0,10
f3_l-d_kp_4_20,4,20.0,35.0,mutation_rate,p_m = 0.05,10,35.0,35.0,0.0,100.0,100.0,10
f3_l-d_kp_4_20,4,20.0,35.0,mutation_rate,p_m = 0.1,10,35.0,35.0,0.0,100.0,100.0,10
f3_l-d_kp_4_20,4,20.0,35.0,crossover_rate,p_c = 0.5,10,35.0,35.0,0.0,100.0,100.0,10
f3_l-d_kp_4_20,4,20.0,35.0,crossover_rate,p_c = 0.7,10,35.0,35.0,0.0,100.0,100.0,10
f3_l-d_kp_4_20,4,20.0,35.0,crossover_rate,p_c = 0.9,10,35.0,35.0,0.0,100.0,100.0,10
f3_l-d_kp_4_20,4,20.0,35.0,crossover_rate,p_c = 1,10,35.0,35.0,0.0,100.0,100.0,10
f3_l-d_kp_4_20,4,20.0,35.0,selection,roulette,10,35.0,35.0,0.0,100.0,100.0,10
f3_l-d_kp_4_20,4,20.0,35.0,selection,rank,10,35.0,35.0,0.0,100.0,100.0,10
f3_l-d_kp_4_20,4,20.0,35.0,selection,tournament,10,35.0,35.0,0.0,100.0,100.0,10
f3_l-d_kp_4_20,4,20.0,35.0,crossover,one-point,10,35.0,35.0,0.0,100.0,100.0,10
f3_l-d_kp_4_20,4,20.0,35.0,crossover,two-point,10,35.0,35.0,0.0,100.0,100.0,10
f3_l-d_kp_4_20,4,20.0,35.0,elitism,elitism = 0,10,35.0,35.0,0.0,100.0,100.0,10
f3_l-d_kp_4_20,4,20.0,35.0,elitism,elitism = 1,10,35.0,35.0,0.0,100.0,100.0,10
f4_l-d_kp_4_11,4,11.0,23.0,mutation_rate,p_m = 0.001,10,23.0,23.0,0.0,100.0,100.0,10
f4_l-d_kp_4_11,4,11.0,23.0,mutation_rate,p_m = 0.005,10,23.0,23.0,0.0,100.0,100.0,10
f4_l-d_kp_4_11,4,11.0,23.0,mutation_rate,p_m = 0.01,10,23.0,23.0,0.0,100.0,100.0,10
f4_l-d_kp_4_11,4,11.0,23.0,mutation_rate,p_m = 0.05,10,23.0,23.0,0.0,100.0,100.0,10
f4_l-d_kp_4_11,4,11.0,23.0,mutation_rate,p_m = 0.1,10,23.0,23.0,0.0,100.0,100.0,10
f4_l-d_kp_4_11,4,11.0,23.0,crossover_rate,p_c = 0.5,10,23.0,23.0,0.0,100.0,100.0,10
f4_l-d_kp_4_11,4,11.0,23.0,crossover_rate,p_c = 0.7,10,23.0,23.0,0.0,100.0,100.0,10
f4_l-d_kp_4_11,4,11.0,23.0,crossover_rate,p_c = 0.9,10,23.0,23.0,0.0,100.0,100.0,10
f4_l-d_kp_4_11,4,11.0,23.0,crossover_rate,p_c = 1,10,23.0,23.0,0.0,100.0,100.0,10
f4_l-d_kp_4_11,4,11.0,23.0,selection,roulette,10,23.0,23.0,0.0,100.0,100.0,10
f4_l-d_kp_4_11,4,11.0,23.0,selection,rank,10,23.0,23.0,0.0,100.0,100.0,10
f4_l-d_kp_4_11,4,11.0,23.0,selection,tournament,10,23.0,23.0,0.0,100.0,100.0,10
f4_l-d_kp_4_11,4,11.0,23.0,crossover,one-point,10,23.0,23.0,0.0,100.0,100.0,10
f4_l-d_kp_4_11,4,11.0,23.0,crossover,two-point,10,23.0,23.0,0.0,100.0,100.0,10
f4_l-d_kp_4_11,4,11.0,23.0,elitism,elitism = 0,10,23.0,23.0,0.0,100.0,100.0,10
f4_l-d_kp_4_11,4,11.0,23.0,elitism,elitism = 1,10,23.0,23.0,0.0,100.0,100.0,10
f9_l-d_kp_5_80,5,80.0,130.0,mutation_rate,p_m = 0.001,10,130.0,130.0,0.0,100.0,100.0,10
f9_l-d_kp_5_80,5,80.0,130.0,mutation_rate,p_m = 0.005,10,130.0,130.0,0.0,100.0,100.0,10
f9_l-d_kp_5_80,5,80.0,130.0,mutation_rate,p_m = 0.01,10,130.0,130.0,0.0,100.0,100.0,10
f9_l-d_kp_5_80,5,80.0,130.0,mutation_rate,p_m = 0.05,10,130.0,130.0,0.0,100.0,100.0,10
f9_l-d_kp_5_80,5,80.0,130.0,mutation_rate,p_m = 0.1,10,130.0,130.0,0.0,100.0,100.0,10
f9_l-d_kp_5_80,5,80.0,130.0,crossover_rate,p_c = 0.5,10,130.0,130.0,0.0,100.0,100.0,10
f9_l-d_kp_5_80,5,80.0,130.0,crossover_rate,p_c = 0.7,10,130.0,130.0,0.0,100.0,100.0,10
f9_l-d_kp_5_80,5,80.0,130.0,crossover_rate,p_c = 0.9,10,130.0,130.0,0.0,100.0,100.0,10
f9_l-d_kp_5_80,5,80.0,130.0,crossover_rate,p_c = 1,10,130.0,130.0,0.0,100.0,100.0,10
f9_l-d_kp_5_80,5,80.0,130.0,selection,roulette,10,130.0,130.0,0.0,100.0,100.0,10
f9_l-d_kp_5_80,5,80.0,130.0,selection,rank,10,130.0,130.0,0.0,100.0,100.0,10
f9_l-d_kp_5_80,5,80.0,130.0,selection,tournament,10,130.0,130.0,0.0,100.0,100.0,10
f9_l-d_kp_5_80,5,80.0,130.0,crossover,one-point,10,130.0,130.0,0.0,100.0,100.0,10
f9_l-d_kp_5_80,5,80.0,130.0,crossover,two-point,10,130.0,130.0,0.0,100.0,100.0,10
f9_l-d_kp_5_80,5,80.0,130.0,elitism,elitism = 0,10,130.0,130.0,0.0,100.0,100.0,10
f9_l-d_kp_5_80,5,80.0,130.0,elitism,elitism = 1,10,130.0,130.0,0.0,100.0,100.0,10
f7_l-d_kp_7_50,7,50.0,107.0,mutation_rate,p_m = 0.001,10,107.0,106.8,0.6,100.0,99.81,9
f7_l-d_kp_7_50,7,50.0,107.0,mutation_rate,p_m = 0.005,10,107.0,107.0,0.0,100.0,100.0,10
f7_l-d_kp_7_50,7,50.0,107.0,mutation_rate,p_m = 0.01,10,107.0,106.8,0.6,100.0,99.81,9
f7_l-d_kp_7_50,7,50.0,107.0,mutation_rate,p_m = 0.05,10,107.0,107.0,0.0,100.0,100.0,10
f7_l-d_kp_7_50,7,50.0,107.0,mutation_rate,p_m = 0.1,10,107.0,107.0,0.0,100.0,100.0,10
f7_l-d_kp_7_50,7,50.0,107.0,crossover_rate,p_c = 0.5,10,107.0,106.8,0.6,100.0,99.81,9
f7_l-d_kp_7_50,7,50.0,107.0,crossover_rate,p_c = 0.7,10,107.0,106.8,0.6,100.0,99.81,9
f7_l-d_kp_7_50,7,50.0,107.0,crossover_rate,p_c = 0.9,10,107.0,106.8,0.6,100.0,99.81,9
f7_l-d_kp_7_50,7,50.0,107.0,crossover_rate,p_c = 1,10,107.0,106.8,0.6,100.0,99.81,9
f7_l-d_kp_7_50,7,50.0,107.0,selection,roulette,10,107.0,106.8,0.6,100.0,99.81,9
f7_l-d_kp_7_50,7,50.0,107.0,selection,rank,10,107.0,107.0,0.0,100.0,100.0,10
f7_l-d_kp_7_50,7,50.0,107.0,selection,tournament,10,107.0,106.6,0.8,100.0,99.63,8
f7_l-d_kp_7_50,7,50.0,107.0,crossover,one-point,10,107.0,106.8,0.6,100.0,99.81,9
f7_l-d_kp_7_50,7,50.0,107.0,crossover,two-point,10,107.0,106.8,0.6,100.0,99.81,9
f7_l-d_kp_7_50,7,50.0,107.0,elitism,elitism = 0,10,107.0,107.0,0.0,100.0,100.0,10
f7_l-d_kp_7_50,7,50.0,107.0,elitism,elitism = 1,10,107.0,106.8,0.6,100.0,99.81,9
f1_l-d_kp_10_269,10,269.0,295.0,mutation_rate,p_m = 0.001,10,295.0,291.1,10.72,100.0,98.68,7
f1_l-d_kp_10_269,10,269.0,295.0,mutation_rate,p_m = 0.005,10,295.0,295.0,0.0,100.0,100.0,10
f1_l-d_kp_10_269,10,269.0,295.0,mutation_rate,p_m = 0.01,10,295.0,294.8,0.6,100.0,99.93,9
f1_l-d_kp_10_269,10,269.0,295.0,mutation_rate,p_m = 0.05,10,295.0,295.0,0.0,100.0,100.0,10
f1_l-d_kp_10_269,10,269.0,295.0,mutation_rate,p_m = 0.1,10,295.0,295.0,0.0,100.0,100.0,10
f1_l-d_kp_10_269,10,269.0,295.0,crossover_rate,p_c = 0.5,10,295.0,294.9,0.3,100.0,99.97,9
f1_l-d_kp_10_269,10,269.0,295.0,crossover_rate,p_c = 0.7,10,295.0,294.8,0.6,100.0,99.93,9
f1_l-d_kp_10_269,10,269.0,295.0,crossover_rate,p_c = 0.9,10,295.0,295.0,0.0,100.0,100.0,10
f1_l-d_kp_10_269,10,269.0,295.0,crossover_rate,p_c = 1,10,295.0,295.0,0.0,100.0,100.0,10
f1_l-d_kp_10_269,10,269.0,295.0,selection,roulette,10,295.0,294.8,0.6,100.0,99.93,9
f1_l-d_kp_10_269,10,269.0,295.0,selection,rank,10,295.0,295.0,0.0,100.0,100.0,10
f1_l-d_kp_10_269,10,269.0,295.0,selection,tournament,10,295.0,294.7,0.64,100.0,99.9,8
f1_l-d_kp_10_269,10,269.0,295.0,crossover,one-point,10,295.0,294.8,0.6,100.0,99.93,9
f1_l-d_kp_10_269,10,269.0,295.0,crossover,two-point,10,295.0,295.0,0.0,100.0,100.0,10
f1_l-d_kp_10_269,10,269.0,295.0,elitism,elitism = 0,10,295.0,294.7,0.64,100.0,99.9,8
f1_l-d_kp_10_269,10,269.0,295.0,elitism,elitism = 1,10,295.0,294.8,0.6,100.0,99.93,9
f6_l-d_kp_10_60,10,60.0,52.0,mutation_rate,p_m = 0.001,10,52.0,51.7,0.46,100.0,99.42,7
f6_l-d_kp_10_60,10,60.0,52.0,mutation_rate,p_m = 0.005,10,52.0,52.0,0.0,100.0,100.0,10
f6_l-d_kp_10_60,10,60.0,52.0,mutation_rate,p_m = 0.01,10,52.0,52.0,0.0,100.0,100.0,10
f6_l-d_kp_10_60,10,60.0,52.0,mutation_rate,p_m = 0.05,10,52.0,52.0,0.0,100.0,100.0,10
f6_l-d_kp_10_60,10,60.0,52.0,mutation_rate,p_m = 0.1,10,52.0,52.0,0.0,100.0,100.0,10
f6_l-d_kp_10_60,10,60.0,52.0,crossover_rate,p_c = 0.5,10,52.0,52.0,0.0,100.0,100.0,10
f6_l-d_kp_10_60,10,60.0,52.0,crossover_rate,p_c = 0.7,10,52.0,52.0,0.0,100.0,100.0,10
f6_l-d_kp_10_60,10,60.0,52.0,crossover_rate,p_c = 0.9,10,52.0,52.0,0.0,100.0,100.0,10
f6_l-d_kp_10_60,10,60.0,52.0,crossover_rate,p_c = 1,10,52.0,51.8,0.6,100.0,99.62,9
f6_l-d_kp_10_60,10,60.0,52.0,selection,roulette,10,52.0,52.0,0.0,100.0,100.0,10
f6_l-d_kp_10_60,10,60.0,52.0,selection,rank,10,52.0,52.0,0.0,100.0,100.0,10
f6_l-d_kp_10_60,10,60.0,52.0,selection,tournament,10,52.0,52.0,0.0,100.0,100.0,10
f6_l-d_kp_10_60,10,60.0,52.0,crossover,one-point,10,52.0,52.0,0.0,100.0,100.0,10
f6_l-d_kp_10_60,10,60.0,52.0,crossover,two-point,10,52.0,51.9,0.3,100.0,99.81,9
f6_l-d_kp_10_60,10,60.0,52.0,elitism,elitism = 0,10,52.0,52.0,0.0,100.0,100.0,10
f6_l-d_kp_10_60,10,60.0,52.0,elitism,elitism = 1,10,52.0,52.0,0.0,100.0,100.0,10
f5_l-d_kp_15_375,15,375.0,481.0694,mutation_rate,p_m = 0.001,10,481.06936799999994,481.07,0.0,100.0,100.0,10
f5_l-d_kp_15_375,15,375.0,481.0694,mutation_rate,p_m = 0.005,10,481.06936799999994,481.07,0.0,100.0,100.0,10
f5_l-d_kp_15_375,15,375.0,481.0694,mutation_rate,p_m = 0.01,10,481.06936799999994,481.07,0.0,100.0,100.0,10
f5_l-d_kp_15_375,15,375.0,481.0694,mutation_rate,p_m = 0.05,10,481.06936799999994,481.07,0.0,100.0,100.0,10
f5_l-d_kp_15_375,15,375.0,481.0694,mutation_rate,p_m = 0.1,10,481.06936799999994,481.07,0.0,100.0,100.0,10
f5_l-d_kp_15_375,15,375.0,481.0694,crossover_rate,p_c = 0.5,10,481.06936799999994,481.07,0.0,100.0,100.0,10
f5_l-d_kp_15_375,15,375.0,481.0694,crossover_rate,p_c = 0.7,10,481.06936799999994,481.07,0.0,100.0,100.0,10
f5_l-d_kp_15_375,15,375.0,481.0694,crossover_rate,p_c = 0.9,10,481.06936799999994,481.07,0.0,100.0,100.0,10
f5_l-d_kp_15_375,15,375.0,481.0694,crossover_rate,p_c = 1,10,481.06936799999994,481.07,0.0,100.0,100.0,10
f5_l-d_kp_15_375,15,375.0,481.0694,selection,roulette,10,481.06936799999994,481.07,0.0,100.0,100.0,10
f5_l-d_kp_15_375,15,375.0,481.0694,selection,rank,10,481.06936799999994,481.07,0.0,100.0,100.0,10
f5_l-d_kp_15_375,15,375.0,481.0694,selection,tournament,10,481.06936799999994,476.76,12.94,100.0,99.1,9
f5_l-d_kp_15_375,15,375.0,481.0694,crossover,one-point,10,481.06936799999994,481.07,0.0,100.0,100.0,10
f5_l-d_kp_15_375,15,375.0,481.0694,crossover,two-point,10,481.06936799999994,481.07,0.0,100.0,100.0,10
f5_l-d_kp_15_375,15,375.0,481.0694,elitism,elitism = 0,10,481.06936799999994,481.07,0.0,100.0,100.0,10
f5_l-d_kp_15_375,15,375.0,481.0694,elitism,elitism = 1,10,481.06936799999994,481.07,0.0,100.0,100.0,10
f10_l-d_kp_20_879,20,879.0,1025.0,mutation_rate,p_m = 0.001,10,1025.0,1019.2,3.49,100.0,99.43,2
f10_l-d_kp_20_879,20,879.0,1025.0,mutation_rate,p_m = 0.005,10,1025.0,1025.0,0.0,100.0,100.0,10
f10_l-d_kp_20_879,20,879.0,1025.0,mutation_rate,p_m = 0.01,10,1025.0,1024.4,1.8,100.0,99.94,9
f10_l-d_kp_20_879,20,879.0,1025.0,mutation_rate,p_m = 0.05,10,1025.0,1020.2,4.28,100.0,99.53,4
f10_l-d_kp_20_879,20,879.0,1025.0,mutation_rate,p_m = 0.1,10,1025.0,1018.2,6.0,100.0,99.34,3
f10_l-d_kp_20_879,20,879.0,1025.0,crossover_rate,p_c = 0.5,10,1025.0,1024.4,1.8,100.0,99.94,9
f10_l-d_kp_20_879,20,879.0,1025.0,crossover_rate,p_c = 0.7,10,1025.0,1024.4,1.8,100.0,99.94,9
f10_l-d_kp_20_879,20,879.0,1025.0,crossover_rate,p_c = 0.9,10,1025.0,1024.4,1.8,100.0,99.94,9
f10_l-d_kp_20_879,20,879.0,1025.0,crossover_rate,p_c = 1,10,1025.0,1025.0,0.0,100.0,100.0,10
f10_l-d_kp_20_879,20,879.0,1025.0,selection,roulette,10,1025.0,1024.4,1.8,100.0,99.94,9
f10_l-d_kp_20_879,20,879.0,1025.0,selection,rank,10,1025.0,1024.4,1.8,100.0,99.94,9
f10_l-d_kp_20_879,20,879.0,1025.0,selection,tournament,10,1025.0,1022.7,3.74,100.0,99.78,7
f10_l-d_kp_20_879,20,879.0,1025.0,crossover,one-point,10,1025.0,1024.4,1.8,100.0,99.94,9
f10_l-d_kp_20_879,20,879.0,1025.0,crossover,two-point,10,1025.0,1023.8,2.4,100.0,99.88,8
f10_l-d_kp_20_879,20,879.0,1025.0,elitism,elitism = 0,10,1025.0,1023.8,2.4,100.0,99.88,8
f10_l-d_kp_20_879,20,879.0,1025.0,elitism,elitism = 1,10,1025.0,1024.4,1.8,100.0,99.94,9
f2_l-d_kp_20_878,20,878.0,1024.0,mutation_rate,p_m = 0.001,10,1024.0,1021.3,8.1,100.0,99.74,9
f2_l-d_kp_20_878,20,878.0,1024.0,mutation_rate,p_m = 0.005,10,1024.0,1023.4,1.8,100.0,99.94,9
f2_l-d_kp_20_878,20,878.0,1024.0,mutation_rate,p_m = 0.01,10,1024.0,1022.8,2.4,100.0,99.88,8
f2_l-d_kp_20_878,20,878.0,1024.0,mutation_rate,p_m = 0.05,10,1024.0,1018.5,4.41,100.0,99.46,3
f2_l-d_kp_20_878,20,878.0,1024.0,mutation_rate,p_m = 0.1,10,1024.0,1015.0,8.94,100.0,99.12,3
f2_l-d_kp_20_878,20,878.0,1024.0,crossover_rate,p_c = 0.5,10,1024.0,1022.8,2.4,100.0,99.88,8
f2_l-d_kp_20_878,20,878.0,1024.0,crossover_rate,p_c = 0.7,10,1024.0,1023.4,1.8,100.0,99.94,9
f2_l-d_kp_20_878,20,878.0,1024.0,crossover_rate,p_c = 0.9,10,1024.0,1024.0,0.0,100.0,100.0,10
f2_l-d_kp_20_878,20,878.0,1024.0,crossover_rate,p_c = 1,10,1024.0,1024.0,0.0,100.0,100.0,10
f2_l-d_kp_20_878,20,878.0,1024.0,selection,roulette,10,1024.0,1022.8,2.4,100.0,99.88,8
f2_l-d_kp_20_878,20,878.0,1024.0,selection,rank,10,1024.0,1022.8,2.4,100.0,99.88,8
f2_l-d_kp_20_878,20,878.0,1024.0,selection,tournament,10,1024.0,1022.8,2.4,100.0,99.88,8
f2_l-d_kp_20_878,20,878.0,1024.0,crossover,one-point,10,1024.0,1022.8,2.4,100.0,99.88,8
f2_l-d_kp_20_878,20,878.0,1024.0,crossover,two-point,10,1024.0,1021.6,2.94,100.0,99.77,6
f2_l-d_kp_20_878,20,878.0,1024.0,elitism,elitism = 0,10,1024.0,1021.0,3.0,100.0,99.71,5
f2_l-d_kp_20_878,20,878.0,1024.0,elitism,elitism = 1,10,1024.0,1022.8,2.4,100.0,99.88,8
f8_l-d_kp_23_10000,23,10000.0,9767.0,mutation_rate,p_m = 0.001,10,9760.0,9751.2,6.9,99.93,99.84,0
f8_l-d_kp_23_10000,23,10000.0,9767.0,mutation_rate,p_m = 0.005,10,9767.0,9756.9,4.61,100.0,99.9,1
f8_l-d_kp_23_10000,23,10000.0,9767.0,mutation_rate,p_m = 0.01,10,9759.0,9753.8,4.77,99.92,99.86,0
f8_l-d_kp_23_10000,23,10000.0,9767.0,mutation_rate,p_m = 0.05,10,9760.0,9755.1,3.36,99.93,99.88,0
f8_l-d_kp_23_10000,23,10000.0,9767.0,mutation_rate,p_m = 0.1,10,9762.0,9756.7,2.97,99.95,99.89,0
f8_l-d_kp_23_10000,23,10000.0,9767.0,crossover_rate,p_c = 0.5,10,9764.0,9756.3,5.55,99.97,99.89,0
f8_l-d_kp_23_10000,23,10000.0,9767.0,crossover_rate,p_c = 0.7,10,9763.0,9755.6,5.16,99.96,99.88,0
f8_l-d_kp_23_10000,23,10000.0,9767.0,crossover_rate,p_c = 0.9,10,9758.0,9753.1,3.14,99.91,99.86,0
f8_l-d_kp_23_10000,23,10000.0,9767.0,crossover_rate,p_c = 1,10,9759.0,9754.7,3.82,99.92,99.87,0
f8_l-d_kp_23_10000,23,10000.0,9767.0,selection,roulette,10,9759.0,9753.8,4.77,99.92,99.86,0
f8_l-d_kp_23_10000,23,10000.0,9767.0,selection,rank,10,9767.0,9765.7,1.42,100.0,99.99,5
f8_l-d_kp_23_10000,23,10000.0,9767.0,selection,tournament,10,9767.0,9763.0,3.13,100.0,99.96,3
f8_l-d_kp_23_10000,23,10000.0,9767.0,crossover,one-point,10,9759.0,9753.8,4.77,99.92,99.86,0
f8_l-d_kp_23_10000,23,10000.0,9767.0,crossover,two-point,10,9767.0,9762.1,3.53,100.0,99.95,1
f8_l-d_kp_23_10000,23,10000.0,9767.0,elitism,elitism = 0,10,9757.0,9747.0,5.64,99.9,99.8,0
f8_l-d_kp_23_10000,23,10000.0,9767.0,elitism,elitism = 1,10,9759.0,9753.8,4.77,99.92,99.86,0
knapPI_1_100_1000_1,100,995.0,9147.0,mutation_rate,p_m = 0.001,10,9147.0,8460.9,654.18,100.0,92.5,3
knapPI_1_100_1000_1,100,995.0,9147.0,mutation_rate,p_m = 0.005,10,9147.0,9147.0,0.0,100.0,100.0,10
knapPI_1_100_1000_1,100,995.0,9147.0,mutation_rate,p_m = 0.01,10,9147.0,9147.0,0.0,100.0,100.0,10
knapPI_1_100_1000_1,100,995.0,9147.0,mutation_rate,p_m = 0.05,10,9147.0,8984.4,142.17,100.0,98.22,4
knapPI_1_100_1000_1,100,995.0,9147.0,mutation_rate,p_m = 0.1,10,7672.0,5754.5,862.96,83.87,62.91,0
knapPI_1_100_1000_1,100,995.0,9147.0,crossover_rate,p_c = 0.5,10,9147.0,9147.0,0.0,100.0,100.0,10
knapPI_1_100_1000_1,100,995.0,9147.0,crossover_rate,p_c = 0.7,10,9147.0,9147.0,0.0,100.0,100.0,10
knapPI_1_100_1000_1,100,995.0,9147.0,crossover_rate,p_c = 0.9,10,9147.0,9125.2,65.4,100.0,99.76,9
knapPI_1_100_1000_1,100,995.0,9147.0,crossover_rate,p_c = 1,10,9147.0,9147.0,0.0,100.0,100.0,10
knapPI_1_100_1000_1,100,995.0,9147.0,selection,roulette,10,9147.0,9147.0,0.0,100.0,100.0,10
knapPI_1_100_1000_1,100,995.0,9147.0,selection,rank,10,8189.0,6953.3,818.73,89.53,76.02,0
knapPI_1_100_1000_1,100,995.0,9147.0,selection,tournament,10,9147.0,8980.7,259.86,100.0,98.18,6
knapPI_1_100_1000_1,100,995.0,9147.0,crossover,one-point,10,9147.0,9147.0,0.0,100.0,100.0,10
knapPI_1_100_1000_1,100,995.0,9147.0,crossover,two-point,10,9147.0,9147.0,0.0,100.0,100.0,10
knapPI_1_100_1000_1,100,995.0,9147.0,elitism,elitism = 0,10,9147.0,9074.2,90.55,100.0,99.2,6
knapPI_1_100_1000_1,100,995.0,9147.0,elitism,elitism = 1,10,9147.0,9147.0,0.0,100.0,100.0,10
knapPI_2_100_1000_1,100,995.0,1514.0,mutation_rate,p_m = 0.001,10,1420.0,1251.4,73.48,93.79,82.66,0
knapPI_2_100_1000_1,100,995.0,1514.0,mutation_rate,p_m = 0.005,10,1514.0,1473.2,63.05,100.0,97.31,3
knapPI_2_100_1000_1,100,995.0,1514.0,mutation_rate,p_m = 0.01,10,1514.0,1512.8,3.6,100.0,99.92,9
knapPI_2_100_1000_1,100,995.0,1514.0,mutation_rate,p_m = 0.05,10,1497.0,1447.2,30.74,98.88,95.59,0
knapPI_2_100_1000_1,100,995.0,1514.0,mutation_rate,p_m = 0.1,10,1252.0,1150.7,52.8,82.69,76.0,0
knapPI_2_100_1000_1,100,995.0,1514.0,crossover_rate,p_c = 0.5,10,1514.0,1511.6,4.8,100.0,99.84,8
knapPI_2_100_1000_1,100,995.0,1514.0,crossover_rate,p_c = 0.7,10,1514.0,1512.8,3.6,100.0,99.92,9
knapPI_2_100_1000_1,100,995.0,1514.0,crossover_rate,p_c = 0.9,10,1514.0,1514.0,0.0,100.0,100.0,10
knapPI_2_100_1000_1,100,995.0,1514.0,crossover_rate,p_c = 1,10,1514.0,1512.3,5.1,100.0,99.89,9
knapPI_2_100_1000_1,100,995.0,1514.0,selection,roulette,10,1514.0,1512.8,3.6,100.0,99.92,9
knapPI_2_100_1000_1,100,995.0,1514.0,selection,rank,10,1304.0,1209.6,61.4,86.13,79.89,0
knapPI_2_100_1000_1,100,995.0,1514.0,selection,tournament,10,1497.0,1442.0,34.93,98.88,95.24,0
knapPI_2_100_1000_1,100,995.0,1514.0,crossover,one-point,10,1514.0,1512.8,3.6,100.0,99.92,9
knapPI_2_100_1000_1,100,995.0,1514.0,crossover,two-point,10,1514.0,1508.7,6.63,100.0,99.65,6
knapPI_2_100_1000_1,100,995.0,1514.0,elitism,elitism = 0,10,1514.0,1508.7,7.09,100.0,99.65,3
knapPI_2_100_1000_1,100,995.0,1514.0,elitism,elitism = 1,10,1514.0,1512.8,3.6,100.0,99.92,9
knapPI_1_200_1000_1,200,1008.0,11238.0,mutation_rate,p_m = 0.0005,10,11223.0,9326.1,1928.24,99.87,82.99,0
knapPI_1_200_1000_1,200,1008.0,11238.0,mutation_rate,p_m = 0.0025,10,11238.0,11190.2,78.69,100.0,99.57,3
knapPI_1_200_1000_1,200,1008.0,11238.0,mutation_rate,p_m = 0.005,10,11238.0,11211.4,66.42,100.0,99.76,6
knapPI_1_200_1000_1,200,1008.0,11238.0,mutation_rate,p_m = 0.025,10,11110.0,10756.6,238.95,98.86,95.72,0
knapPI_1_200_1000_1,200,1008.0,11238.0,mutation_rate,p_m = 0.05,10,6941.0,5741.8,886.75,61.76,51.09,0
knapPI_1_200_1000_1,200,1008.0,11238.0,crossover_rate,p_c = 0.5,10,11238.0,11213.8,53.07,100.0,99.78,5
knapPI_1_200_1000_1,200,1008.0,11238.0,crossover_rate,p_c = 0.7,10,11238.0,11191.6,69.58,100.0,99.59,4
knapPI_1_200_1000_1,200,1008.0,11238.0,crossover_rate,p_c = 0.9,10,11238.0,11215.3,53.52,100.0,99.8,6
knapPI_1_200_1000_1,200,1008.0,11238.0,crossover_rate,p_c = 1,10,11238.0,11217.2,57.57,100.0,99.81,8
knapPI_1_200_1000_1,200,1008.0,11238.0,selection,roulette,10,11238.0,11211.4,66.42,100.0,99.76,6
knapPI_1_200_1000_1,200,1008.0,11238.0,selection,rank,10,7968.0,6085.5,1272.21,70.9,54.15,0
knapPI_1_200_1000_1,200,1008.0,11238.0,selection,tournament,10,10892.0,10002.6,645.13,96.92,89.01,0
knapPI_1_200_1000_1,200,1008.0,11238.0,crossover,one-point,10,11238.0,11211.4,66.42,100.0,99.76,6
knapPI_1_200_1000_1,200,1008.0,11238.0,crossover,two-point,10,11238.0,11215.3,53.52,100.0,99.8,6
knapPI_1_200_1000_1,200,1008.0,11238.0,elitism,elitism = 0,10,11238.0,10957.7,182.16,100.0,97.51,1
knapPI_1_200_1000_1,200,1008.0,11238.0,elitism,elitism = 1,10,11238.0,11211.4,66.42,100.0,99.76,6
knapPI_2_200_1000_1,200,1008.0,1634.0,mutation_rate,p_m = 0.0005,10,1465.0,1281.5,94.47,89.66,78.43,0
knapPI_2_200_1000_1,200,1008.0,1634.0,mutation_rate,p_m = 0.0025,10,1629.0,1572.9,41.11,99.69,96.26,0
knapPI_2_200_1000_1,200,1008.0,1634.0,mutation_rate,p_m = 0.005,10,1619.0,1609.9,13.32,99.08,98.53,0
knapPI_2_200_1000_1,200,1008.0,1634.0,mutation_rate,p_m = 0.025,10,1556.0,1467.8,73.35,95.23,89.83,0
knapPI_2_200_1000_1,200,1008.0,1634.0,mutation_rate,p_m = 0.05,10,1287.0,1187.7,70.58,78.76,72.69,0
knapPI_2_200_1000_1,200,1008.0,1634.0,crossover_rate,p_c = 0.5,10,1634.0,1605.9,18.84,100.0,98.28,1
knapPI_2_200_1000_1,200,1008.0,1634.0,crossover_rate,p_c = 0.7,10,1634.0,1616.1,13.66,100.0,98.9,1
knapPI_2_200_1000_1,200,1008.0,1634.0,crossover_rate,p_c = 0.9,10,1634.0,1617.3,8.37,100.0,98.98,1
knapPI_2_200_1000_1,200,1008.0,1634.0,crossover_rate,p_c = 1,10,1629.0,1613.8,18.77,99.69,98.76,0
knapPI_2_200_1000_1,200,1008.0,1634.0,selection,roulette,10,1619.0,1609.9,13.32,99.08,98.53,0
knapPI_2_200_1000_1,200,1008.0,1634.0,selection,rank,10,1297.0,1211.7,59.46,79.38,74.16,0
knapPI_2_200_1000_1,200,1008.0,1634.0,selection,tournament,10,1533.0,1438.4,64.39,93.82,88.03,0
knapPI_2_200_1000_1,200,1008.0,1634.0,crossover,one-point,10,1619.0,1609.9,13.32,99.08,98.53,0
knapPI_2_200_1000_1,200,1008.0,1634.0,crossover,two-point,10,1634.0,1611.4,18.81,100.0,98.62,1
knapPI_2_200_1000_1,200,1008.0,1634.0,elitism,elitism = 0,10,1624.0,1593.1,21.94,99.39,97.5,0
knapPI_2_200_1000_1,200,1008.0,1634.0,elitism,elitism = 1,10,1619.0,1609.9,13.32,99.08,98.53,0
knapPI_1_500_1000_1,500,2543.0,28857.0,mutation_rate,p_m = 0.0002,10,24938.0,23118.3,1207.82,86.42,80.11,0
knapPI_1_500_1000_1,500,2543.0,28857.0,mutation_rate,p_m = 0.001,10,28505.0,27789.5,378.01,98.78,96.3,0
knapPI_1_500_1000_1,500,2543.0,28857.0,mutation_rate,p_m = 0.002,10,28144.0,27181.2,772.15,97.53,94.19,0
knapPI_1_500_1000_1,500,2543.0,28857.0,mutation_rate,p_m = 0.01,10,26852.0,25450.6,875.18,93.05,88.2,0
knapPI_1_500_1000_1,500,2543.0,28857.0,mutation_rate,p_m = 0.02,10,12645.0,10006.0,1603.42,43.82,34.67,0
knapPI_1_500_1000_1,500,2543.0,28857.0,crossover_rate,p_c = 0.5,10,28290.0,27766.3,373.16,98.04,96.22,0
knapPI_1_500_1000_1,500,2543.0,28857.0,crossover_rate,p_c = 0.7,10,27824.0,27231.3,391.98,96.42,94.37,0
knapPI_1_500_1000_1,500,2543.0,28857.0,crossover_rate,p_c = 0.9,10,27980.0,27104.9,618.92,96.96,93.93,0
knapPI_1_500_1000_1,500,2543.0,28857.0,crossover_rate,p_c = 1,10,28099.0,27224.1,720.35,97.37,94.34,0
knapPI_1_500_1000_1,500,2543.0,28857.0,selection,roulette,10,28144.0,27181.2,772.15,97.53,94.19,0
knapPI_1_500_1000_1,500,2543.0,28857.0,selection,rank,10,14752.0,11797.5,1701.71,51.12,40.88,0
knapPI_1_500_1000_1,500,2543.0,28857.0,selection,tournament,10,25494.0,23088.6,1910.71,88.35,80.01,0
knapPI_1_500_1000_1,500,2543.0,28857.0,crossover,one-point,10,28144.0,27181.2,772.15,97.53,94.19,0
knapPI_1_500_1000_1,500,2543.0,28857.0,crossover,two-point,10,28268.0,27609.8,497.77,97.96,95.68,0
knapPI_1_500_1000_1,500,2543.0,28857.0,elitism,elitism = 0,10,23534.0,23041.6,289.79,81.55,79.85,0
knapPI_1_500_1000_1,500,2543.0,28857.0,elitism,elitism = 1,10,28144.0,27181.2,772.15,97.53,94.19,0
knapPI_2_500_1000_1,500,2543.0,4566.0,mutation_rate,p_m = 0.0002,10,3550.0,3346.3,122.22,77.75,73.29,0
knapPI_2_500_1000_1,500,2543.0,4566.0,mutation_rate,p_m = 0.001,10,4450.0,4364.0,58.22,97.46,95.58,0
knapPI_2_500_1000_1,500,2543.0,4566.0,mutation_rate,p_m = 0.002,10,4384.0,4239.3,104.05,96.01,92.84,0
knapPI_2_500_1000_1,500,2543.0,4566.0,mutation_rate,p_m = 0.01,10,3980.0,3824.5,112.04,87.17,83.76,0
knapPI_2_500_1000_1,500,2543.0,4566.0,mutation_rate,p_m = 0.02,10,3172.0,2881.7,163.73,69.47,63.11,0
knapPI_2_500_1000_1,500,2543.0,4566.0,crossover_rate,p_c = 0.5,10,4402.0,4295.2,59.15,96.41,94.07,0
knapPI_2_500_1000_1,500,2543.0,4566.0,crossover_rate,p_c = 0.7,10,4436.0,4260.6,71.36,97.15,93.31,0
knapPI_2_500_1000_1,500,2543.0,4566.0,crossover_rate,p_c = 0.9,10,4395.0,4258.8,88.5,96.25,93.27,0
knapPI_2_500_1000_1,500,2543.0,4566.0,crossover_rate,p_c = 1,10,4394.0,4188.5,85.86,96.23,91.73,0
knapPI_2_500_1000_1,500,2543.0,4566.0,selection,roulette,10,4384.0,4239.3,104.05,96.01,92.84,0
knapPI_2_500_1000_1,500,2543.0,4566.0,selection,rank,10,3515.0,3112.7,162.8,76.98,68.17,0
knapPI_2_500_1000_1,500,2543.0,4566.0,selection,tournament,10,4080.0,3724.3,166.32,89.36,81.57,0
knapPI_2_500_1000_1,500,2543.0,4566.0,crossover,one-point,10,4384.0,4239.3,104.05,96.01,92.84,0
knapPI_2_500_1000_1,500,2543.0,4566.0,crossover,two-point,10,4427.0,4233.4,108.75,96.96,92.72,0
knapPI_2_500_1000_1,500,2543.0,4566.0,elitism,elitism = 0,10,3990.0,3863.0,71.8,87.39,84.6,0
knapPI_2_500_1000_1,500,2543.0,4566.0,elitism,elitism = 1,10,4384.0,4239.3,104.05,96.01,92.84,0
knapPI_1_1000_1000_1,1000,5002.0,54503.0,mutation_rate,p_m = 0.0001,10,40476.0,37043.8,3129.67,74.26,67.97,0
knapPI_1_1000_1000_1,1000,5002.0,54503.0,mutation_rate,p_m = 0.0005,10,47359.0,44955.0,1450.03,86.89,82.48,0
knapPI_1_1000_1000_1,1000,5002.0,54503.0,mutation_rate,p_m = 0.001,10,48436.0,44808.7,2170.95,88.87,82.21,0
knapPI_1_1000_1000_1,1000,5002.0,54503.0,mutation_rate,p_m = 0.005,10,45105.0,42744.6,1364.61,82.76,78.43,0
knapPI_1_1000_1000_1,1000,5002.0,54503.0,mutation_rate,p_m = 0.01,10,19198.0,15198.3,1863.49,35.22,27.89,0
knapPI_1_1000_1000_1,1000,5002.0,54503.0,crossover_rate,p_c = 0.5,10,47753.0,45323.4,1158.82,87.62,83.16,0
knapPI_1_1000_1000_1,1000,5002.0,54503.0,crossover_rate,p_c = 0.7,10,46535.0,44043.1,1313.49,85.38,80.81,0
knapPI_1_1000_1000_1,1000,5002.0,54503.0,crossover_rate,p_c = 0.9,10,45762.0,43869.3,1022.1,83.96,80.49,0
knapPI_1_1000_1000_1,1000,5002.0,54503.0,crossover_rate,p_c = 1,10,45948.0,44003.1,1518.4,84.3,80.74,0
knapPI_1_1000_1000_1,1000,5002.0,54503.0,selection,roulette,10,48436.0,44808.7,2170.95,88.87,82.21,0
knapPI_1_1000_1000_1,1000,5002.0,54503.0,selection,rank,10,27075.0,22446.2,3352.42,49.68,41.18,0
knapPI_1_1000_1000_1,1000,5002.0,54503.0,selection,tournament,10,42191.0,36284.9,3650.76,77.41,66.57,0
knapPI_1_1000_1000_1,1000,5002.0,54503.0,crossover,one-point,10,48436.0,44808.7,2170.95,88.87,82.21,0
knapPI_1_1000_1000_1,1000,5002.0,54503.0,crossover,two-point,10,47774.0,45843.0,1138.68,87.65,84.11,0
knapPI_1_1000_1000_1,1000,5002.0,54503.0,elitism,elitism = 0,10,38525.0,35712.3,1557.63,70.68,65.52,0
knapPI_1_1000_1000_1,1000,5002.0,54503.0,elitism,elitism = 1,10,48436.0,44808.7,2170.95,88.87,82.21,0
knapPI_2_1000_1000_1,1000,5002.0,9052.0,mutation_rate,p_m = 0.0001,10,6857.0,6474.6,177.6,75.75,71.53,0
knapPI_2_1000_1000_1,1000,5002.0,9052.0,mutation_rate,p_m = 0.0005,10,7935.0,7594.5,203.17,87.66,83.9,0
knapPI_2_1000_1000_1,1000,5002.0,9052.0,mutation_rate,p_m = 0.001,10,7889.0,7495.2,209.41,87.15,82.8,0
knapPI_2_1000_1000_1,1000,5002.0,9052.0,mutation_rate,p_m = 0.005,10,7542.0,7098.2,264.66,83.32,78.42,0
knapPI_2_1000_1000_1,1000,5002.0,9052.0,mutation_rate,p_m = 0.01,10,5815.0,5547.3,162.63,64.24,61.28,0
knapPI_2_1000_1000_1,1000,5002.0,9052.0,crossover_rate,p_c = 0.5,10,7623.0,7362.1,182.42,84.21,81.33,0
knapPI_2_1000_1000_1,1000,5002.0,9052.0,crossover_rate,p_c = 0.7,10,7835.0,7466.4,252.29,86.56,82.48,0
knapPI_2_1000_1000_1,1000,5002.0,9052.0,crossover_rate,p_c = 0.9,10,7757.0,7491.2,138.81,85.69,82.76,0
knapPI_2_1000_1000_1,1000,5002.0,9052.0,crossover_rate,p_c = 1,10,7789.0,7431.9,177.38,86.05,82.1,0
knapPI_2_1000_1000_1,1000,5002.0,9052.0,selection,roulette,10,7889.0,7495.2,209.41,87.15,82.8,0
knapPI_2_1000_1000_1,1000,5002.0,9052.0,selection,rank,10,6350.0,6119.7,177.85,70.15,67.61,0
knapPI_2_1000_1000_1,1000,5002.0,9052.0,selection,tournament,10,7870.0,7205.0,338.42,86.94,79.6,0
knapPI_2_1000_1000_1,1000,5002.0,9052.0,crossover,one-point,10,7889.0,7495.2,209.41,87.15,82.8,0
knapPI_2_1000_1000_1,1000,5002.0,9052.0,crossover,two-point,10,7806.0,7393.2,216.69,86.24,81.67,0
knapPI_2_1000_1000_1,1000,5002.0,9052.0,elitism,elitism = 0,10,7146.0,6895.8,136.58,78.94,76.18,0
knapPI_2_1000_1000_1,1000,5002.0,9052.0,elitism,elitism = 1,10,7889.0,7495.2,209.41,87.15,82.8,0
knapPI_1_2000_1000_1,2000,10011.0,110625.0,mutation_rate,p_m = 5e-05,10,61953.0,54158.5,3595.02,56.0,48.96,0
knapPI_1_2000_1000_1,2000,10011.0,110625.0,mutation_rate,p_m = 0.00025,10,73413.0,68894.2,2528.69,66.36,62.28,0
knapPI_1_2000_1000_1,2000,10011.0,110625.0,mutation_rate,p_m = 0.0005,10,77334.0,71092.5,2594.39,69.91,64.26,0
knapPI_1_2000_1000_1,2000,10011.0,110625.0,mutation_rate,p_m = 0.0025,10,80618.0,74799.0,4061.87,72.88,67.61,0
knapPI_1_2000_1000_1,2000,10011.0,110625.0,mutation_rate,p_m = 0.005,10,36114.0,26120.5,4298.93,32.65,23.61,0
knapPI_1_2000_1000_1,2000,10011.0,110625.0,crossover_rate,p_c = 0.5,10,76014.0,70197.4,4056.17,68.71,63.46,0
knapPI_1_2000_1000_1,2000,10011.0,110625.0,crossover_rate,p_c = 0.7,10,73878.0,69859.1,2594.83,66.78,63.15,0
knapPI_1_2000_1000_1,2000,10011.0,110625.0,crossover_rate,p_c = 0.9,10,72540.0,69938.1,2699.96,65.57,63.22,0
knapPI_1_2000_1000_1,2000,10011.0,110625.0,crossover_rate,p_c = 1,10,75142.0,70345.9,2513.42,67.92,63.59,0
knapPI_1_2000_1000_1,2000,10011.0,110625.0,selection,roulette,10,77334.0,71092.5,2594.39,69.91,64.26,0
knapPI_1_2000_1000_1,2000,10011.0,110625.0,selection,rank,10,47628.0,40720.2,3380.91,43.05,36.81,0
knapPI_1_2000_1000_1,2000,10011.0,110625.0,selection,tournament,10,83575.0,64891.6,9805.76,75.55,58.66,0
knapPI_1_2000_1000_1,2000,10011.0,110625.0,crossover,one-point,10,77334.0,71092.5,2594.39,69.91,64.26,0
knapPI_1_2000_1000_1,2000,10011.0,110625.0,crossover,two-point,10,77222.0,72383.1,2720.42,69.81,65.43,0
knapPI_1_2000_1000_1,2000,10011.0,110625.0,elitism,elitism = 0,10,61012.0,57336.7,1915.7,55.15,51.83,0
knapPI_1_2000_1000_1,2000,10011.0,110625.0,elitism,elitism = 1,10,77334.0,71092.5,2594.39,69.91,64.26,0
knapPI_2_2000_1000_1,2000,10011.0,18051.0,mutation_rate,p_m = 5e-05,10,12760.0,12297.8,229.43,70.69,68.13,0
knapPI_2_2000_1000_1,2000,10011.0,18051.0,mutation_rate,p_m = 0.00025,10,13472.0,12995.4,330.02,74.63,71.99,0
knapPI_2_2000_1000_1,2000,10011.0,18051.0,mutation_rate,p_m = 0.0005,10,13527.0,13214.0,243.94,74.94,73.2,0
knapPI_2_2000_1000_1,2000,10011.0,18051.0,mutation_rate,p_m = 0.0025,10,13696.0,13201.0,347.09,75.87,73.13,0
knapPI_2_2000_1000_1,2000,10011.0,18051.0,mutation_rate,p_m = 0.005,10,10793.0,10590.8,197.9,59.79,58.67,0
knapPI_2_2000_1000_1,2000,10011.0,18051.0,crossover_rate,p_c = 0.5,10,13987.0,13271.3,391.81,77.49,73.52,0
knapPI_2_2000_1000_1,2000,10011.0,18051.0,crossover_rate,p_c = 0.7,10,13795.0,13147.2,502.33,76.42,72.83,0
knapPI_2_2000_1000_1,2000,10011.0,18051.0,crossover_rate,p_c = 0.9,10,13535.0,13035.1,274.45,74.98,72.21,0
knapPI_2_2000_1000_1,2000,10011.0,18051.0,crossover_rate,p_c = 1,10,13601.0,13028.6,366.38,75.35,72.18,0
knapPI_2_2000_1000_1,2000,10011.0,18051.0,selection,roulette,10,13527.0,13214.0,243.94,74.94,73.2,0
knapPI_2_2000_1000_1,2000,10011.0,18051.0,selection,rank,10,12233.0,11846.6,191.03,67.77,65.63,0
knapPI_2_2000_1000_1,2000,10011.0,18051.0,selection,tournament,10,14845.0,13905.9,643.21,82.24,77.04,0
knapPI_2_2000_1000_1,2000,10011.0,18051.0,crossover,one-point,10,13527.0,13214.0,243.94,74.94,73.2,0
knapPI_2_2000_1000_1,2000,10011.0,18051.0,crossover,two-point,10,13842.0,13243.3,254.25,76.68,73.37,0
knapPI_2_2000_1000_1,2000,10011.0,18051.0,elitism,elitism = 0,10,12490.0,12057.2,246.82,69.19,66.8,0
knapPI_2_2000_1000_1,2000,10011.0,18051.0,elitism,elitism = 1,10,13527.0,13214.0,243.94,74.94,73.2,0
knapPI_1_5000_1000_1,5000,25016.0,276457.0,mutation_rate,p_m = 2e-05,10,82930.0,76010.6,4111.94,30.0,27.49,0
knapPI_1_5000_1000_1,5000,25016.0,276457.0,mutation_rate,p_m = 0.0001,10,111125.0,105838.7,4449.74,40.2,38.28,0
knapPI_1_5000_1000_1,5000,25016.0,276457.0,mutation_rate,p_m = 0.0002,10,126535.0,117268.9,4172.63,45.77,42.42,0
knapPI_1_5000_1000_1,5000,25016.0,276457.0,mutation_rate,p_m = 0.001,10,156460.0,137900.0,7680.57,56.59,49.88,0
knapPI_1_5000_1000_1,5000,25016.0,276457.0,mutation_rate,p_m = 0.002,10,55291.0,48723.5,3461.41,20.0,17.62,0
knapPI_1_5000_1000_1,5000,25016.0,276457.0,crossover_rate,p_c = 0.5,10,116937.0,112962.2,2950.42,42.3,40.86,0
knapPI_1_5000_1000_1,5000,25016.0,276457.0,crossover_rate,p_c = 0.7,10,122829.0,113873.1,5759.08,44.43,41.19,0
knapPI_1_5000_1000_1,5000,25016.0,276457.0,crossover_rate,p_c = 0.9,10,117985.0,110715.5,4466.47,42.68,40.05,0
knapPI_1_5000_1000_1,5000,25016.0,276457.0,crossover_rate,p_c = 1,10,119462.0,114539.5,3798.78,43.21,41.43,0
knapPI_1_5000_1000_1,5000,25016.0,276457.0,selection,roulette,10,126535.0,117268.9,4172.63,45.77,42.42,0
knapPI_1_5000_1000_1,5000,25016.0,276457.0,selection,rank,10,91477.0,78410.2,7207.39,33.09,28.36,0
knapPI_1_5000_1000_1,5000,25016.0,276457.0,selection,tournament,10,169298.0,126097.3,24607.81,61.24,45.61,0
knapPI_1_5000_1000_1,5000,25016.0,276457.0,crossover,one-point,10,126535.0,117268.9,4172.63,45.77,42.42,0
knapPI_1_5000_1000_1,5000,25016.0,276457.0,crossover,two-point,10,126729.0,119993.1,5552.16,45.84,43.4,0
knapPI_1_5000_1000_1,5000,25016.0,276457.0,elitism,elitism = 0,10,102374.0,96198.1,3282.0,37.03,34.8,0
knapPI_1_5000_1000_1,5000,25016.0,276457.0,elitism,elitism = 1,10,126535.0,117268.9,4172.63,45.77,42.42,0
knapPI_1_10000_1000_1,10000,49877.0,563647.0,mutation_rate,p_m = 1e-05,10,119289.0,108912.6,5474.57,21.16,19.32,0
knapPI_1_10000_1000_1,10000,49877.0,563647.0,mutation_rate,p_m = 5e-05,10,144663.0,137422.2,6744.62,25.67,24.38,0
knapPI_1_10000_1000_1,10000,49877.0,563647.0,mutation_rate,p_m = 0.0001,10,166806.0,158347.9,7260.12,29.59,28.09,0
knapPI_1_10000_1000_1,10000,49877.0,563647.0,mutation_rate,p_m = 0.0005,10,228958.0,220424.1,7132.16,40.62,39.11,0
knapPI_1_10000_1000_1,10000,49877.0,563647.0,mutation_rate,p_m = 0.001,10,94445.0,86576.1,5028.37,16.76,15.36,0
knapPI_1_10000_1000_1,10000,49877.0,563647.0,crossover_rate,p_c = 0.5,10,176140.0,157223.3,8411.85,31.25,27.89,0
knapPI_1_10000_1000_1,10000,49877.0,563647.0,crossover_rate,p_c = 0.7,10,166193.0,157395.4,5629.17,29.49,27.92,0
knapPI_1_10000_1000_1,10000,49877.0,563647.0,crossover_rate,p_c = 0.9,10,170644.0,159181.2,7079.65,30.27,28.24,0
knapPI_1_10000_1000_1,10000,49877.0,563647.0,crossover_rate,p_c = 1,10,176334.0,164681.7,5048.91,31.28,29.22,0
knapPI_1_10000_1000_1,10000,49877.0,563647.0,selection,roulette,10,166806.0,158347.9,7260.12,29.59,28.09,0
knapPI_1_10000_1000_1,10000,49877.0,563647.0,selection,rank,10,146339.0,121221.8,12331.47,25.96,21.51,0
knapPI_1_10000_1000_1,10000,49877.0,563647.0,selection,tournament,10,287123.0,228531.0,29482.8,50.94,40.55,0
knapPI_1_10000_1000_1,10000,49877.0,563647.0,crossover,one-point,10,166806.0,158347.9,7260.12,29.59,28.09,0
knapPI_1_10000_1000_1,10000,49877.0,563647.0,crossover,two-point,10,178358.0,169280.4,6608.97,31.64,30.03,0
knapPI_1_10000_1000_1,10000,49877.0,563647.0,elitism,elitism = 0,10,149428.0,139321.0,4657.15,26.51,24.72,0
knapPI_1_10000_1000_1,10000,49877.0,563647.0,elitism,elitism = 1,10,166806.0,158347.9,7260.12,29.59,28.09,0
